"","ADDRESSPOSTALCODE","ADDRESSBUILDINGNAME","ADDRESSUNITNUMBER","ADDRESSFLOORNUMBER","ADDRESSSTREETNAME","ADDRESSBLOCKHOUSENUMBER","DESCRIPTION","NAME","Longtitude","Latitude"
"1","78989","","","","Tras Street","50","Operating Hours: 7.00am - 10.00am","The Pit",103.844202079592,1.27811388348071
"2","287992","House J and S","","","Turf Club Road","100","Operating Hours: Monday, Wednesday, Friday:  12.00pm - 9.30pm Tuesday, Thursday: 12.00pm - 10.00pm Saturday: 10.00am - 5.30pm","The Stable Mixed Martial Arts",103.795898242377,1.3342195983767
"3","579783","","","","Bishan St. 4","5","Facilities: Standard Gymnasium Equipment Operating Hours: 7.00 AM to 10.00 PM (Mon/Wed/Fri), 8.30 AM to 10.00 PM (Tue/Thur), 8.30 AM to 8.00 PM (Sat), (9.00 AM to 8.00 Pm (Sun), 9.00 AM to 5.00 PM (Public Holiday) Tel: 6353 9238","Bishan ClubFITT Gym",103.850922071159,1.35528262760188
"4","208568","King George's Building","","","King George's Ave","328","","The Yoga Place",103.862090963732,1.30992191079359
"5","559022","","10","1","Bughley Drive Blk B","45","","Sky Fitness - Serangoon Gardens",103.85957105374,1.36000966368369
"6","555981","","","","Serangoon Gardens Way","85A","Operating Hours: Monday - Friday 8.00am - 2.00pm 4.00pm - 9.00pm Saturday 9.00am - 4.00pm Sunday & PH: Closed","Slender Shapes - Serangoon Gardens Way",103.864884313373,1.36389982541919
"7","738597","Woodlands Stadium","","","WoodlandsCentre","495","Facilities: Standard Gymnasium Equipment Operating Hours: 7.00 AM to 10.00 PM (Mon/Wed/Fri), 8.30 AM to 10.00 PM (Tue/Thur), 8.30 AM to 8.00 PM (Sat), (9.00 AM to 8.00 Pm (Sun), 9.00 AM to 5.00 PM (Public Holiday) Tel: 6362 9101","Woodlands ClubFITT Gym",103.780306573729,1.43489537703518
"8","569770","","","","Ang Mo Kio Ave 9","200","Facilities: Standard Gymnasium Equipment Operating Hours: 7.00 AM to 10.00 PM (Mon/Wed/Fri), 8.30 AM to 10.00 PM (Tue/Thur), 8.30 AM to 8.00 PM (Sat), (9.00 AM to 8.00 Pm (Sun), 9.00 AM to 5.00 PM (Public Holiday) Tel: 6483 9370","Yio Chu Kang ClubFITT Gym",103.845767858372,1.38227243116352
"9","769130","","","","YishunAve 1","101","Facilities: Standard Gymnasium Equipment Operating Hours: 7.00 AM to 10.00 PM (Mon/Wed/Fri), 8.30 AM to 10.00 PM (Tue/Thur), 8.30 AM to 8.00 PM (Sat), (9.00 AM to 8.00 Pm (Sun), 9.00 AM to 5.00 PM (Public Holiday) Tel: 6851 8604","Yishun ClubFITT Gym",103.83117739651,1.41201836574556
"10","238841","Orchard Plaza","9","7","Orchard Road","150","","Zattva Yoga Studio",103.841150152248,1.30125729612721
"11","48583","","1","8","Raffles Quay","1","Facilities: Group Exercise studios  Kinesis studio, free-weight and strength equipment, cardio equipment Operating Hours: Monday ? Friday : 6.00am ? 10.00pm  Saturday : 8.00am ? 5.00pm  Sunday and Public Holidays : 10.00am ? 5.00pm  Tel: 6327 5550","Fitness First - One Raffles Quay",103.851677105821,1.28089478900143
"12","238859","","13","8","","41282","Facilities: Cardio equipment, weight machines, free weights, Group Exercise studio , cycling studio, Mind & Body studio Operating Hours: Monday ? Saturday : 6.30am ? 10.30pm  Sunday and Public Holidays : 8.00am ? 10.00pm  Tel: 6737 7889","Fitness First - Paragon",103.835240311923,1.30372322367268
"13","237994","Great World City Mall","14","3","Kim Seng Promenade","1","Operating Hours: Mon ? Fri: 6am ? 10pm  Sat ? Sun: 7am ? 9pm  Public Holiday: 8am ? 8pm  Tel: 6235 9622","True Fitness - Great World City",103.831757911005,1.29380236091495
"14","188024","","","4","Victoria Street","230","Facilities: - Group X Studio - Indoor Cycling Studio - Cardio Machines - Resistance Machines - Free Weights - Xpress Zone - Kick Fit Area - Steam & Sauna Operating Hours: Monday to Saturday: 6:00 am - 12:00 midnight Sunday and Public Holidays*: 8:00 am - 10:00 pm. Tel: 6337 257","California Fitness - Bugis",103.855786976518,1.30014248326867
"15","569933","","36","B1","Ang Mo Kio Ave 3","53","Facilities: Mind and Body studio, Group Exercise studio, cardio equipment (including treadmills, bikes, steppers and the revolutionary Technogym CardioWave?), weight machines and free weights. Operating Hours: Monday ? Friday : 6.00am ? 10.00pm  Saturday, Sunday and Public Holi","Fitness First - AMK Hub",103.848399235571,1.36924890739398
"16","307683","","","","Velocity @ Novena","3","Facilities: - Group X Studio - Indoor Cycling Studio - Cardio Machines - Resistance Machines - Free Weights - Xpress Zone - Kick Fit Area - Steam & Sauna - Internet Kiosks Operating Hours: Monday to Friday: 6:00 am - 12:00 midnight Saturday: 6:00 am to 10:00 pm Sunday and Publ","California Fitness - Velocity@Novena Square",103.843656771807,1.32021101601674
"17","117439","","29","7","Pasir Panjang Road","20","Facilities: 44m heated pool, Group Exercise studio, outdoor TRX? Suspension Training? area, boxing area, cardiovascular equipment (treadmills, rowers etc), a free weights area, resistance machines and a functional training area. Operating Hours: Monday ? Friday : 6.30am ? 10.00p","Fitness First - Alexandra (Mapletree Business City)",103.799064826968,1.274827493389
"18","188306","","11","3","Selegie Road","1","Operating Hours: Monday-Friday: 6:30am to 10:30pm Saturday-Sunday: 9:00am to 7:00pm Tel: 63370082/ 63370037","Evolve MMA - POMO Mall",103.849264282609,1.3001084594134
"19","68912","","1","9","","","Facilities: Heated swimming pool, group exercise studio, cycling studio, cardiovascular and resistance strength training equipment Operating Hours: Monday ? Friday : 6.00am ? 10.00pm  Saturday : 7.00am ? 7.00pm Sunday and Public Holidays : Closed Tel: 6536 5595","Fitness First - Captial Tower",103.847522674168,1.27771181456553
"20","419903","","","","A Changi Road","498","","Yoga Connections",103.914005195669,1.31923098288927
"21","48619","","","","Raffles Place","14","Facilities: - Energy Studio  - Mind Body Studio  - Indoor Cycling Studio  - Cardio Machines  - Resistance Machines  - Free Weights  - Xpress Zone  - Kick Fit Area  - Steam & Sauna Operating Hours: Monday to Friday: 6:00 am - 12:00 midnight Saturday: 6:00 am to 10:00 pm Sunday","California Fitness - Raffles",103.850574044319,1.28348363887373
"22","38983","Suntec City Mall","1","7","Temasek Boulevard","3","Operating Hours: Mon ? Thurs: 6am ? 11pm  Fri: 6am ? 10pm  Sat: 6am ? 9pm  Sun / Public Holiday: 8am ? 8pm  Tel: 6820 9000","True Fitness - Suntec City",103.857675501543,1.29487905112126
"23","418935","Kingston Terrace","1","1","Kingston Terrace","14D","Open Daily 9am - 10pm","Union Yoga Ayurveda (Kembangan Branch)",103.912862460833,1.31988383852338
"24","599625","Mandarin Park Shop Houses","","","51 Chun Tin Road","","Open Daily 9am - 10pm","Union Yoga Ayurveda (Beauty World Branch)",103.772716769692,1.34174220136525
"25","188091","Far East Shopping Centre","1","","Orchard Road","575","","Rhythmic Yoga Works",103.856934794867,1.29800183598617
"26","397628","Kallang wave mall","","","1 Stadium place #02-07","","Open Daily 1000-2200 (close on public holiday)","Neue",103.872750707738,1.30384327849927
"27","278000","Chip Bee Gardens","","","Jalan Rumia","45","","Om Shiva Yoga - Chip Bee",103.797538795862,1.31099316329402
"28","287992","Horse City","02B","1","Turf Club Road","100","","Om Shiva Yoga - Horse City",103.795898242377,1.3342195983767
"29","600134","","309","4","Jurong Gateway Road","134","Operating Hours: Monday & Friday: 10.00am - 6.00pm","OMG Yoga",103.73870827223,1.33386246359672
"30","307591","","10","4","Thomson Road","101","Operating Hours: Monday - Friday:  7.00 am - 10.00 pm Saturday:  7.00 am - 8.00 pm Sunday:  9.00 am - 6.00 pm Public holidays:  10.00 am - 7.00 pm","Philip Wain",103.843463185078,1.31733464253519
"31","238857","Asia Square Tower 1","","6","Marina View","8","Facilities: Kettlebells, bulgarian bags, medicine balls, 4 x 35m indoor running track, mixed martial arts zone, VO2 testing area,  group fitness studios, swimming pool, cardio equipment, resistance equipment, free weights Operating Hours: Monday - Saturday 6am - 12 midnight Sun","Pure Fitness - Knightsbridge (Asia Square)",103.836202014579,1.30310526758961
"32","59295","","0","5","North Canal Road","39","","Krav Maga Singapore",103.84702569567,1.28712786568231
"33","529508","","1","4","Tampines Central","1","Facilities: Cardio equipment (steppers, bikes, treadmills, rowers etc), Technogym resistance machines, free-weights, Group Exercise studio, Mind and Body studio and cycling studio  Operating Hours: Mon to Fri: 6.00am -10.00pm Sat : 7.00am - 7.00pm Sun & PH : 8.00am ? 6.00pm  T","Fitness First - Tampines",103.943586936734,1.35308485692255
"34","229572","","6","1","Claymore Hill","8","","iPilates",103.83203806691,1.30763492632515
"35","238873","","","","Ngee Ann City","8","Facilities: - Energy Studio - Mind Body Studio - Indoor Cycling Studio - Cardio Machines - Resistance Machines - Free Weights - Xpress Zone - Kick Fit Area - Internet Kiosks Operating Hours: Monday to Saturday: 6:00 am - 12:00 midnight Sunday and Public Holidays*: 8:00 am to 10","California Fitness - Orchard- Ngee Ann City",103.83467613466,1.30242417909429
"36","48423","","26","B1","Cross Street","18","Operating Hours: Mon ? Thurs: 6am ? 11pm  Fri: 6am ? 10pm Sat: 6am ? 9pm  Sun / Public Holiday: 8am ? 8pm Tel: 6438 3833","True Fitness - China Square Central",103.846878913529,1.28351522358922
"37","238881","","3","5","Orchard Road","541","","Sky Pilates",103.830722583997,1.30508723301058
"38","415979","Eunos Techpark","6","1","Kaki Bukit Place","60","Operating Hours: Monday - Friday: 8.00am - 2.00pm 3.00pm - 9.00pm Saturday: 9.00am - 4.00pm Sunday & PH: Closed","Slender Shapes - Eunos",103.904054104624,1.33407188854164
"39","238884","","4","5","Orchard Road","583","Operating Hours: Mon ? Thu: 9 am to 9 pm Fri: 9 am to 7 pm  Sat: 9 am to 5 pm Sundays and Public Holidays: by appointments only","Core Fitness Physiotherapy & Pilates Centre  - Forum The Shopping Mall",103.828509016301,1.30619579913532
"40","338988","","5","1","Kampong Bugis","11","","CrossFit Fire City",103.866029977781,1.30851817439858
"41","408830","","13","2","Ubi Avenue 4","81","","CrossFit Singapore",103.89176817408,1.33354943541229
"42","160140","","1","13","Marine Parade Central","1","","Curves - Marine Parade",103.829524333744,1.2781561439556
"43","247918","","8","3","Tanglin Road","","","Elements Pilates",103.825078878265,1.30527220041532
"44","49568","","1","1","China Street","26","Operating Hours: Monday-Friday: 6:30am to 10:30pm Saturday-Sunday: 9:00am to 7:00pm Tel: 65364525/ 65364830","Evolve MMA - Far East Square",103.84782090171,1.28305772642104
"45","39596","","38","2","Raffles Boulevard","9","Facilities: Multi-purpose studio, cycling studio, free weights, resistance machines, cardio machines   Operating Hours: Monday ? Friday : 6.00am ? 10.00pm  Saturday : 9.00am ? 9.00pm Sunday and Public Holidays : 10.00am ? 8.00pm  Tel: 6339 7555","Fitness First - Millenia Walk",103.859343974188,1.29296504773614
"46","49145","","1","5","","","Facilities: Heated swimming pool, cardio equipment, strength equipment, free weights area, stretch area, Group Exercise studio Operating Hours: Monday ? Friday : 6.00am ? 11.00pm  Saturday : 7.00am ? 7.00pm Sunday and Public Holidays : 10.00am ? 6.00pm  Tel: 6538 7666","Fitness First - One George Street",103.847771918338,1.28554561731843
"47","530205","","11","3","Hougang Street 21","205","Operating Hours: Monday - Friday: 9.00 AM - 10.00 PM Saturday: 9:00 AM - 7:30 PM Sunday & Public Holiday: 9.00 AM - 7:30 PM","Amore Fitness - Heartland Mall",103.885079928732,1.35949663830553
"48","238839","","9","4","Orchard Road","68","Operating Hours: Monday - Friday: 9.00 AM - 10.00 PM Saturday: 9.00 AM - 10.00 PM Sunday & Public Holiday: 9.00 AM - 10.00 PM","Amore Fitness - Plaza Singapura",103.845047628503,1.30074756196423
"49","574408","","49","3","Upper Thomson Road","301","Operating Hours: Monday: 9.00 AM - 10.00 PM Saturday: 9.00 AM - 9.00 PM Sunday & Public Holiday: 9.00 AM - 7.30 PM","Amore Fitness - Thomson Plaza",103.830919788426,1.35466901882051
"50","179103","","14","2","North Bridge Road","252","","Bikram Yoga",103.853119912535,1.2938935875293
"51","99253","","13","3","","","","Bikram Yoga Harbourfront",103.818625588159,1.26206336450486
"52","228149","","19","6","Sophia Road","","","Brazilian Jiu Jitzu Singapore",103.84917626624,1.30107054671992
"53","270036","Buona Vista Community Club","1","2","Holland Drive","36","","Pilates Bodyworks - Holland",103.79254748678,1.30918211194726
"54","199777","","","","B Arab Street","80","Tel: 90098889/ 85715701","Tirisula Yoga",103.859188259636,1.3014790011719
"55","59917","Hui Seng Building","1","3","Carpenter Street","38","","Total Yoga - Clarke Quay",103.84777293526,1.28790271682791
"56","18982","","3","16","Marina Boulevard","12","Facilities: Multi-purpose studio, cycling studio, free weights, resistance machines, cardio machines   Operating Hours: Monday ? Friday : 6.00am ? 10.00pm  Saturday : 8.00am ? 5.00pm Sunday and Public Holidays : Closed Tel: 6536 2373","Fitness First - Marina Bay Financial Centre",103.854297425627,1.27910567910157
"57","573972","Midview City","138","8","Sin Ming Lane","28","","Midview Body & Mind",103.833930717119,1.35821656561939
"58","69901","","","","Amoy Street Level 1","82","","Pilates Inc - The Moving Body Group - Amoy Street",103.846733698071,1.28078047914706
"59","49824","","35B","","35B Boat Quay","","Operating Hours 8am to 9pm","The Jungle",103.849673970079,1.28625502575823
"60","307987","Revenue House","2","5","55 Newton Road","","Operating Hours 7am to 10pm","TMP Fitness - Revenue House",103.841975314872,1.31948959451122
"61","188021","","","3","Victoria Street Bugis Junction","200","Operating Hours: Monday - Friday: 9.00 AM - 10.00 PM Saturday: 9.00 AM - 9.00 PM Sunday and Public Holiday: 9.00 AM - 9.00 PM","Amore Fitness - Bugis Junction",103.855327954497,1.29906799078836
"62","659081","","","","Bukit Batok West Ave 5","810","Facilities: Standard Gymnasium Equipment Operating Hours: 7.00 AM to 10.00 PM (Mon/Wed/Fri), 8.30 AM to 10.00 PM (Tue/Thur), 8.30 AM to 8.00 PM (Sat), (9.00 AM to 8.00 Pm (Sun), 9.00 AM to 5.00 PM (Public Holiday) Tel: 6896 2197","Bukit Gombak ClubFITT Gym",103.7530237503,1.35790704666032
"63","689236","","","","Choa Chu Kang St 53","1","Facilities: Standard Gymnasium Equipment Operating Hours: 7.00 AM to 10.00 PM (Mon/Wed/Fri), 8.30 AM to 10.00 PM (Tue/Thur), 8.30 AM to 8.00 PM (Sat), (9.00 AM to 8.00 Pm (Sun), 9.00 AM to 5.00 PM (Public Holiday) Tel: 6767 1739","Choa Chu Kang ClubFITT Gym",103.747920712445,1.39066617204386
"64","129907","","","","Clementi Ave 3","518","Facilities: Standard Gymnasium Equipment Operating Hours: 7.00 AM to 10.00 PM (Mon/Wed/Fri), 8.30 AM to 10.00 PM (Tue/Thur), 8.30 AM to 8.00 PM (Sat), (9.00 AM to 8.00 Pm (Sun), 9.00 AM to 5.00 PM (Public Holiday) Tel: 68729180/1","Clementi ClubFITT Gym",103.764861415667,1.31101498462879
"65","538832","","","","Hougang Ave 4","93","Facilities: Standard Gymnasium Equipment Operating Hours: 7.00 AM to 10.00 PM (Mon/Wed/Fri), 8.30 AM to 10.00 PM (Tue/Thur), 8.30 AM to 8.00 PM (Sat), (9.00 AM to 8.00 Pm (Sun), 9.00 AM to 5.00 PM (Public Holiday) Tel: 6315 8674","Hougang ClubFITT Gym",103.88807173322,1.37057348785749
"66","609517","","","","Jurong East St. 31","21","Facilities: Standard Gymnasium Equipment and Exercise Equipment Operating Hours: 7.00 AM to 10.00 PM (Mon/Wed/Fri), 8.30 AM to 10.00 PM (Tue/Thur), 8.30 AM to 8.00 PM (Sat), (9.00 AM to 8.00 Pm (Sun), 9.00 AM to 5.00 PM (Public Holiday) Tel: 6896 3569","Jurong East ClubFITT Gym",103.728835249034,1.34621561227092
"67","648965","","","","Jurong West St 93","20","Facilities: Standard Gymnasium Equipment Operating Hours: 7.00 AM to 10.00 PM (Mon/Wed/Fri), 8.30 AM to 10.00 PM (Tue/Thur), 8.30 AM to 8.00 PM (Sat), (9.00 AM to 8.00 Pm (Sun), 9.00 AM to 5.00 PM (Public Holiday) Tel: 6515 5256","Jurong West ClubFITT Gym",103.69376890219,1.33841806492775
"68","519640","","","","Pasir Ris Central","120","Facilities: Standard Gymnasium Equipment Operating Hours: 7.00 AM to 10.00 PM (Mon/Wed/Fri), 8.30 AM to 10.00 PM (Tue/Thur), 8.30 AM to 8.00 PM (Sat), (9.00 AM to 8.00 Pm (Sun), 9.00 AM to 5.00 PM (Public Holiday)","Pasir Ris ClubFITT Gym",103.95182250042,1.37444845586245
"69","59763","","28","1","Havelock Road 2HR","2","Operating Hours: Monday ? Friday : 7.00am ? 10.00pm  Saturday, Sunday and Public Holidays : 8.00am ? 8.00pm  Tel: 6536 5580","Physical ABuse",103.844901339347,1.28672853496612
"70","227977","","9","1","Winstedt Road","10","","Central Pilates",103.841910545157,1.30992450385743
"71","609930","","5","1","International Business Park","2","Operating Hours: Monday - Friday: 7.30am - 9.00pm Saturday: 7.30am - 3.00pm","Gold's Gym - IBP Jurong East",103.746960566285,1.3296904778472
"72","18960","","","","Orchard Road","3","Facilities: Cycling and group fitness studios, cardio machines, resistance machines, free weights Operating Hours: Monday - Saturday 6am - 12 midnight Sunday & Public holidays 8am - 10pm Tel: 6100 3813","Pure Fitness - Knightsbridge",103.851103466005,1.27900797406852
"73","449874","Big Splash","05A","2","East Coast Parkway","902 B","Operating Hours: Monday - Thursday: 8:30am - 9:30pm Friday: 8:30am - 8:00pm Saturday - Sunday: 7:30am - 5:30pm","Updog Studio",103.899774980097,1.29747626957084
"74","307506","","33","9","Sinaran Drive","10","","Breathe Pilates - Novena",103.843892126913,1.32042967863542
"75","158790","","","","Tiong Bahru Road","900","Facilities: Standard Gymnasium Equipment Operating Hours: 7.00 AM to 10.00 PM (Mon/Wed/Fri), 8.30 AM to 10.00 PM (Tue/Thur), 8.30 AM to 8.00 PM (Sat), (9.00 AM to 8.00 Pm (Sun), 9.00 AM to 5.00 PM (Public Holiday) Tel: 6471 9030","Delta ClubFITT Gym",103.819773109932,1.28907794925009
"76","88998","","","","3rd Floor 31B Kreta Ayer Road","","Operating hours Mon - Fri 0615 - 2200 Weekend 0800 - 2100","Yogapoint Singapore",103.842160502746,1.28065569131695
"77","730900","","11","6","South Woodlands Drive","900","Operating Hours: Monday-Friday: 9.00 AM - 10.00 PM Saturday: 9.00 AM - 7.30 PM Sunday & Public Holiday: 9.00 AM - 6.00 PM","Amore Fitness - Woodlands Civic Centre",103.78661961568,1.43507789397688
"78","368150","","","","A MacPherson Road","439","","Ananda Marga Yoga Society of Singapore - MacPherson",103.881024688613,1.33201025602617
"79","119964","","03A","1","Alexandra Road","991","Operating Hours 7am to 9pm including Public Holiday","Jal Yoga",103.802911911187,1.27441958484294
"80","188440","","","","New Bugis St","164A","Operating Hours: Monday - Friday:  7.00 am - 10.00 pm Saturday:  10.00 am - 7.00 pm Sunday:  10.00 am - 4.00 pm Tel: 6221 9663","One Wellness Fitness Club",103.855247873282,1.30091799345463
"81","679910","Senja Cashew CC","2","2","Bukit Panjang Road","101","","The Gym Nation",103.764659583272,1.38158679370649
"82","88266","","","","Yan Kit Road","11","","The Yoga Shala",103.841918377905,1.27652575407135
"83","229572","","4","","Claymore Hill","8","","Total Yoga - Orchard Road",103.83203806691,1.30763492632515
"84","48622","","0","7","Raffles Place","30","Operating Hours: Mon ? Thurs: 6am ? 11pm  Fri: 6am ? 10pm  Sat: 6am ? 8pm  Sun / Public Holiday: 8am ? 6pm Tel: 6438 3000","True Fitness - Chevron House",103.851927274914,1.28423792027966
"85","529652","NTUC Income Tampines Junction","1","8","Tampines Avenue 5","300","Operating Hours: Mon ? Thurs: 6am ? 11pm Fri: 6am ? 10pm Sat: 6am ? 9pm Sun / Public Holiday: 8am ? 8pm Tel: 6788 9555","True Fitness - NTUC Income Tampines Junction",103.93963580414,1.35429510351818
"86","449269","","15","7","Marine Parade Road","80","Operating Hours: Mon ? Fri: 7am ? 10pm  Sat / Sun / Public Holiday: 8am ? 9.30pm  Tel: 6348 2900","True Fitness - Parkway Parade",103.905113590458,1.30119131472187
"87","98585","VivoCity","10","3","Harbourfront Walk","1","Operating Hours: Mon ? Fri: 7am ? 10.30pm  Sat - Sun: 7am ? 9pm  Public Holiday: 8am ? 8pm  Tel: 6278 3000","True Fitness - VivoCity",103.821808629396,1.26439468181096
"88","49315","Ocean Financial Centre","","4","Collyer Quay","10","Operating Hours: 7am to 11pm daily","True Yoga - Ocean Financial Centre",103.851838945741,1.28298072623658
"89","228210","Pacific Plaza","","4","Scotts Road","9","Operating Hours: 7am to 11pm daily","True Yoga - Pacific Plaza",103.832126408154,1.30653722380828
"90","189688","Bulkhaul House","2","2","Beach Rd","67","","Viva Fit Singapore - Beach Road",103.856304899664,1.29695905771991
"91","48979","","0","3","Malacca Street","20","","Viva Fit Singapore - Raffles Place",103.850711622748,1.28394229110606
"92","82001","","24","2","Tanjong Pagar Plaza","1","","Viva Fit Singapore - Tanjong Pagar",103.842393171371,1.27559619819284
"93","59817","","12","3","Eu Tong Sen St. The Central","6","","WabiSabi Holistic Lifestyle",103.846556006065,1.28886291929991
"94","88852","","","","A Neil Road","114","","Yaatra",103.841769864721,1.27917902296384
"95","48616","","0","6","Raffles Place","1","Facilities: Group Exercise studio, free weights area, jacuzzi, swimming pool, cardiovascular and resistance  training equipment Operating Hours: Monday ? Friday : 6.00am ? 10.00pm  Saturday : 7.00am ? 7.00pm Sunday and Public Holidays : Closed  Tel: 6534 4333","Fitness First - One Raffles Place",103.850982351781,1.28433994842242
"96","544964","","","","Anchorvale Road","57","Facilities: Standard Gymnasium Equipment Operating Hours: 7.00 AM to 10.00 PM (Mon/Wed/Fri), 8.30 AM to 10.00 PM (Tue/Thur), 8.30 AM to 8.00 PM (Sat), (9.00 AM to 8.00 Pm (Sun), 9.00 AM to 5.00 PM (Public Holiday) Tel: 6315 3577","Sengkang ClubFITT Gym",103.885784253769,1.39550158789593
"97","529652","","","","Tampines Ave 5","505","Facilities: Standard Gymnasium Equipment Operating Hours: 7.00 AM to 10.00 PM (Mon/Wed/Fri), 8.30 AM to 10.00 PM (Tue/Thur), 8.30 AM to 8.00 PM (Sat), (9.00 AM to 8.00 Pm (Sun), 9.00 AM to 5.00 PM (Public Holiday). Lady Hours: 2.00 PM to 4.00 PM (Mon) Tel: 6260 1162","Tampines ClubFITT Gym",103.93963580414,1.35429510351818
"98","319392","","","","Toa Payoh Lor 6","301","Facilities: Standard Gymnasium Equipment Operating Hours: 7.00 AM to 10.00 PM (Mon/Wed/Fri), 8.30 AM to 10.00 PM (Tue/Thur), 8.30 AM to 8.00 PM (Sat), (9.00 AM to 8.00 Pm (Sun), 9.00 AM to 5.00 PM (Public Holiday) Tel: 6256 7153","Toa Payoh ClubFITT Gym",103.849986788241,1.33060010108942
"99","138667","","4","1","Biopolis Way","11","","Pilates Body Pilot - Biopolis",103.791460023589,1.30451127820755
"100","49246","","1","12","Finlayson Green","1","","Pilates Bodyworks - Finlayson Green",103.851286590696,1.28224086928672
"101","98854","","","","Telok Blangah Road","434","Operating Hours: Monday ? Friday: 8.30am ? 9.30pm  Saturday: 9am ? 4pm  Closed on Sundays, Christmas, New Year and Chinese New Year. We are open on rest of the public holidays.","Pilates Fitness",103.81293029168,1.27029599179716
"102","269748","","6","2","2nd Avenue Junction","733","","Pilates Flow",103.799469917652,1.32982544868962
"103","428766","","5","6","East Coast Road","46","","Pilates Inc - The Moving Body Group - East Coast",103.903338648384,1.30438467004432
"104","449408","Parkway Centre","5","","Marine Parade Central","1","","Platinum Yoga",103.905996039697,1.30188733852456
"105","569931","Aramsa ~ The Garden Spa","","","Bishan Park II","","Operating Hours: Monday to Thursday: 8:30am to 1:30pm & 4:30pm to 9:30pm Friday:  8:30am to 1:30pm  Saturday:  8:30am to 5:30pm  Sunday:  9.30am to 1.30pm","PowerMoves Pilates - Bishan Park",103.84749323637,1.36254434770061
"106","249683","","","","Dempsey Road","6","Operating Hours: Monday to Thursday: 8:30am to 1:30pm & 4:30pm to 9:30pm Friday:  8:30am to 1:30pm  Saturday:  8:30am to 5:30pm  Sunday:  9.30am to 1.30pm","PowerMoves Pilates - Dempsey Hill",103.808565893546,1.30484978466339
"107","48622","","","","30 Raffles Place","4","","Pure Yoga - Chevron House",103.851927274914,1.28423792027966
"108","238873","Ngee Ann City Tower A","","","391A Orchard Road","18","","Pure Yoga - Ngee Ann City",103.83467613466,1.30242417909429
"109","238843","The Centrepoint","6","6","Orchard Road","176","","Real Yoga",103.839758898411,1.30197804716068
"110","207629","Teck Heng Long Industrial Building","3","1","Syed Alwi Road","11","","Reebok CrossFit Enduro",103.858169031632,1.30681472605594
"111","368241","Citimac Building","11","7","Blk B","605","","Singapore CrossFit Hub",103.887714301749,1.33378882726631
"112","89835","","","3","Bukit Pasoh Rd","21B","Tel: 90679100/ 98386704","Sivananda Yoga Vedanta Centre",103.840532034232,1.27901545155803
"113","99254","HarbourFront Tower 2","1","16","HarbourFront Place","3","","Sky Fitness - Harbourfront",103.818686870632,1.26448635050271
"114","469645","","","","Bedok North St 2","5","Facilities: Standard Gymnasium Equipment Operating Hours: 7.00 AM to 10.00 PM (Mon/Wed/Fri), 8.30 AM to 10.00 PM (Tue/Thur), 8.30 AM to 8.00 PM (Sat), (9.00 AM to 8.00 Pm (Sun), 9.00 AM to 5.00 PM (Public Holiday) Tel: 6244 5387","Bedok ClubFITT Gym",103.938328173262,1.32585712140622
"115","258373","","","","Nassim Road","6","","Spaboutique",103.825932498525,1.30778575196489
"116","238882","Liat Towers","","","Orchard Road","4","Operating Hours: Monday - Friday:  7am - 10pm  Saturday:  8am - 10pm  Sunday:  8am - 8pm","The Gym At Orchard",103.829984827987,1.30550611670641
"117","78999","","1","2","Tras Street","60","","The Pilates Place",103.844133723257,1.27787296456741
"118","138632","","11","23","Fusionopolis Way","1","Facilities: Cardio equipment, weight machines, free weights, swimming pool, Group Exercise studio, Mind and Body studio. Operating Hours: Monday ? Friday : 6.00am ? 10.00pm  Saturday : 7.00am ? 7.00pm Sunday and Public Holidays : 8.00am ? 6.00pm Tel: 6438 4484","Fitness First - Fusionopolis",103.787404060028,1.29929406658312
"119","208539","","1","6","Kitchener Road","180","Operating Hours: Monday-Friday:  8.00 AM - 10.00 PM Saturday: 9.00 AM - 9.30 PM Sunday & Public Holiday: 9.00 AM - 9.00 PM","Amore Fitness - City Square Mall",103.856487121487,1.31139349438914
"120","89752","","","","Cantonment Road","51","Working Hours:  Monday - Friday 7am - 10pm Saturday 7am - 8pm Sunday 7am - 6pm Tel: 6222 6517","E's FITNESS PTE. LTD.",103.840386703019,1.27870948631099
"121","247974","Spa Boutique","","","Nassim Road","6","Tel: 68870760/ 94571096","YogaDivas - Nassim Road",103.814556916597,1.29792400181845
"122","248371","Valley Point","1","2","River Valley Rd","491","","Absolute Yoga - River Valley",103.826940812301,1.29301786111442
"123","269758","Spa Boutique","","","Nassim Road","6","","Yoga On Nassim",103.796264512395,1.3310218845731
"124","258373","Leonie Hill Condo","","","Leonie Hill Road","","","YogaDivas - Leonie Hill",103.825932498525,1.30778575196489
"125","247974","Phoenix Park","","","Tanglin Road","308","","YogaDivas - Phoenix Park",103.814556916597,1.29792400181845
"126","449408","","1","7","Marine Parade Central","1","Operating Hours: Mon ? Fri : 9am ? 10pm Sat ? Sun : 9am ? 4pm","Ananda Marga Yoga Society of Singapore - Parkway Centre",103.905996039697,1.30188733852456
"127","199551","","0","2","Beach Road","287","","Balancing Rocks Yoga Studio",103.860481773329,1.30097708408221
"128","259760","","4","4","Bukit Timah Road","501","","Basic Essence",103.814245545298,1.32257317593847
"129","287988","","1","2","Turf Club Road","2","","Being In Yoga",103.795941517598,1.33589728896884
"130","428915","","5","2","East Coast Road","217","","Breathe Pilates - East Coast",103.906933727641,1.30759648523611
"131","588172","Goh & Goh Building","","","Upper Bukit Timah Road","110M","Operating Hours: Monday - Friday: 8.00am - 2.00pm 3.00pm - 9.00pm Saturday: 9.00am - 4.00pm Sunday & PH: Closed","Slender Shapes - Upper Bukit Timah",103.776280180624,1.34094072442015
"132","68611","","","2","Telok Ayer Street","157A","","Absolute Yoga - Telok Ayer",103.847638181705,1.28041369547153
"133","69250","","8","","Gemmil Lane","","","Pilatique Pilates Studio",103.846934447584,1.2824640229959
"134","589820","","","","A Binjai Park","5","","Canvass Art and Yoga Studio",103.786616299314,1.33583564516194
"135","238876","","5","6","","","","COMO Shambhala Urban Escape",103.828468717265,1.30717806036195
"136","229233","","5","4","Handy Road","2","Facilities: Cardio, strength and stretch areas and a Group Exercise studio Operating Hours: Monday ? Friday : 6.00am ? 10.30pm  Saturday: 6.30am ? 10.30pm Sunday and Public Holidays : 8.00am ? 10.00pm Tel: 6732 4111","Fitness First - The Cathay",103.847789792828,1.29918374721933
"137","238862","","3","8","Orchard Road","302","","Focus Pilates - Orchard",103.834826945699,1.30394638048361
"138","48979","","0","12","Malacca Street","20","","Focus Pilates - Raffles Place",103.850711622748,1.28394229110606
"139","79017","","","","Tras Street","78","Operating Hours: Monday - Friday: 7.30am - 9.30pm Saturday: 8.30am - 1.00pm","Genesis Gym - CBD",103.844050900534,1.27742661017112
"140","398007","","20","1","","41306","Operating Hours: Monday - Friday: 7.30am - 9.30pm Saturday: 8.30am - 1.00pm","Genesis Gym - Mounbatten",103.881270808537,1.30746518712488
"141","159837","","","","Bukit Merah Central","3500","Operating Hours: Monday - Friday: 7.30am - 9.00pm Saturday: 7.30am - 3.00pm","Gold's Gym - Bukit Merah",103.818078216386,1.28205540617869
"142","574363","","","","A Upper Thomson Road","232","Operating Hours: Mon - Fri: 12pm to 10pm Sat, Sun & PH: 9am to 7pm","Green Yoga",103.835093523472,1.35306949447786
"143","49745","","1","2","Canton Street","3","Operating Hours: Monday & Friday: 9.30am - 10.00pm Tuesday - Thursday: 7.00am - 10.30pm Saturday & Sunday: 9.30am - 7.00pm","H.om Yoga",103.849431927363,1.28621325740623
"144","68805","","6","3","Shenton Way","3","Operating Hours: Weekdays: 12.15pm - 9.45pm Saturday: 9.30am - 5.30pm Sunday: 11.00am - 5.30pm","Impact Mixed Martial Arts",103.850071543607,1.27851893758259
"145","68909","","1","1","Robinson Road","146","","Impakt Singapore",103.848096103439,1.27816986401168
"146","308899","","31","2","Goldhill Plaza","1","","Iyengar Yoga Centre Singapore - Goldhill Centre",103.842889382967,1.31782868295281
"147","88875","","","","Neil Road","146B","","Iyengar Yoga Centre Singapore - Neil Road Centre",103.840648509607,1.27828754868066
"148","208574","","","","King George's Ave","340B","","Jagsport",103.862434227156,1.31015179809918
"149","89129","","","","Keong Siak Road","22","","Kapap Singapore",103.841668651741,1.28004625410654
"150","449290","Laguna Park","27","1","Marine Parade Road","5000","","Kate Porter Yoga",103.931988303014,1.31004098717818
"151","180010","","50","1","Selegie Road","10","","Oasis Holistic",103.850537243387,1.30370879489711
"152","189203","","","","Haji Lane","10A","","OhmSantih Yoga",103.859384497354,1.30050427305572
"153","88507","","","","A Tanjong Pagar Road","86","Operating Hours: Monday - Friday: 7.30am - 9.00pm Saturday: 7.30am - 3.00pm","Gold's Gym - Tanjong Pagar",103.843683536784,1.27843513234261
"154","88509","","","","Tanjong Pagar Road","88A","","Masters' Yoga Sadhan",103.843673722806,1.27839696546876
"155","49870","","1","2","","41276","Operating Hours: Monday - Friday: 7.00am - 9.00pm Saturday: 7.00am - 4.00pm Sunday and Public Holiday: 8.00am - 3.00pm","Fitness Factory -",103.849144620549,1.2884814659674
"156","238882","Far East Shopping Centre","10","16","Orchard Road","545","P: +65-97615523 E: info@activered.sg","Active Life Center",103.829984827987,1.30550611670641
"157","648886","","","3","Jurong West Central 3","63","Operating Hours: Monday - Friday: 9.00 AM - 10.00 PM  Saturday: 9.00 AM - 9.30 PM Sunday & Public Holiday: 9.00 AM - 9.00 PM","Amore Fitness - Jurong Point 2",103.706460886826,1.33983014805774
"158","179030","","17","2","River Valley Road","177","Operating Hours: Monday - Friday: 10.30 AM - 9.30 PM Saturday: 10.30 AM - 9.00 PM Sunday & Public Holiday: 10.30 AM - 9.00 PM","Amore Fitness - Liang Court",103.844586298874,1.29151478613339
"159","529536","","18","5","Tampines Central 1","10","Operating Hours: Monday-Friday: 8.00 AM - 10.00 PM Saturday: 9.00 AM - 9.30 PM Sunday & Public Holiday: 9.00 AM - 9.00 PM","Amore Fitness - Tampines 1",103.94501945797,1.35431556438278
